noise_type,mean_validation_accuracy,std_validation_accuracy,mean_test_accuracy,std_test_accuracy,mean_test_f1,std_test_f1
gaussian_noise_light,0.6678899082568807,0.008988953184525438,0.6300884955752213,0.04012666919913144,0.6279778563346117,0.041954204665277696
