noise_type,mean_accuracy,std_accuracy,mean_f1,std_f1
uniform_noise,0.5470597870597871,0.05691282832770848,0.5228063457989182,0.05004895425613439
