noise_type,mean_accuracy,std_accuracy,mean_f1,std_f1
gaussian_noise_medium,0.6194922194922194,0.03328780443049287,0.6112390137590117,0.0343581940632125
