noise_type,mean_accuracy,std_accuracy,mean_f1,std_f1
original,0.662964782964783,0.03184965193538606,0.6569751478214297,0.029047387275334947
